{"cameraMode":{"drawMode":0,"name":"Shaded","section":"Shading Mode"},"sceneLighting":true,"audioPlay":false,"sceneViewState":{"showFog":true,"showMaterialUpdate":false,"showSkybox":true,"showFlares":true,"showImageEffects":true,"showParticleSystems":true},"in2DMode":false,"pivot":{"x":-9.673128128051758,"y":3.188999891281128,"z":-6.793000221252441},"rotation":{"x":-0.0315149649977684,"y":0.9614726901054382,"z":-0.12472259998321533,"w":-0.24294546246528626},"size":10.729272842407227,"orthographic":true}